Date,City,Crime Type ID,Longitude,Resolved
2021-09-01,United Kingdom,1,,0
2023-08-02,France,9,,0
2022-04-10,Germany,12,,0
2023-09-21,Italy,11,,1
2022-04-02,Spain,12,,1
2022-09-19,Netherlands,11,,0
2023-09-15,Belgium,4,,1
2023-07-21,Switzerland,12,,1
2022-09-11,Sweden,2,,0
2023-10-19,Norway,1,,0
2022-07-12,Denmark,12,,1
2023-07-15,Finland,8,,1
2022-07-16,Austria,12,,1
2022-03-13,United Kingdom,1,,1
2022-12-29,France,12,,1
2022-07-28,Germany,12,,1
2023-05-04,Italy,9,,0
2023-06-03,Spain,11,,0
2021-10-25,Netherlands,12,,0
2021-10-13,Belgium,12,,1
2023-05-13,Switzerland,12,,1
2022-06-01,Sweden,3,,1
2022-04-23,Norway,12,,0
2023-06-08,Denmark,12,,1
2022-07-19,Finland,3,,1
2023-04-27,Austria,1,,1
2022-06-04,United Kingdom,5,,0
2021-10-27,France,12,,1
2023-04-01,Germany,1,,1
2022-01-26,Denmark,12,,0
2023-06-15,Finland,12,,1
2023-07-08,Austria,3,,1
2022-09-19,United Kingdom,1,,1
2022-12-04,France,1,,1
2022-07-04,Germany,6,,1
2022-07-14,Denmark,12,,1
2023-01-20,Finland,1,,1
2021-12-28,Austria,12,,1
2023-09-08,United Kingdom,11,,1
2022-11-24,France,1,,0
2022-05-10,Germany,1,,1
2022-01-28,France,12,,1
2022-01-04,Germany,9,,1
2022-05-12,Denmark,3,,1
2023-05-26,France,7,,1
2021-10-05,Germany,12,,0
2021-09-27,Denmark,5,,0
2023-05-30,United Kingdom,1,,1
2022-10-03,France,7,,1
2022-06-24,United Kingdom,12,,0
2021-10-09,France,12,,1
2022-02-13,Finland,12,,0
2023-05-06,Austria,12,,1
2021-12-29,United Kingdom,3,,1
2023-01-04,United Kingdom,12,,1
2022-10-31,France,12,,1
2022-12-07,Germany,12,,1
2021-12-29,Italy,8,,1
2022-09-23,Spain,11,,0
2022-01-26,Netherlands,11,,1
2022-06-15,Belgium,12,,1
2022-05-14,Switzerland,12,,1
2022-02-18,Sweden,11,,1
2022-03-22,Norway,1,,1
2022-11-07,Denmark,1,,1
2023-01-17,Finland,12,,1
2023-07-12,Austria,4,,1
2023-05-19,United Kingdom,5,,0
2023-09-27,France,12,,1
2022-11-09,Germany,12,,1
2022-07-17,Italy,7,,1
2022-11-20,Spain,1,,1
2022-10-16,Netherlands,11,,1
2023-03-14,Belgium,6,,0
2023-04-07,Switzerland,10,,1
2023-08-16,Sweden,4,,0
2022-12-16,Norway,1,,1
2023-01-20,Denmark,4,,1
2022-08-04,Finland,9,,1
2022-01-04,Austria,7,,1
2022-07-07,United Kingdom,5,,1
2021-11-18,France,1,,1
2023-03-15,Germany,7,,0
2022-12-14,Denmark,1,,1
2022-11-13,Finland,12,,0
2021-10-30,Austria,11,,0
2021-11-10,United Kingdom,9,,0
2023-03-01,France,4,,1
2022-04-04,Germany,10,,1
2022-05-28,Denmark,12,,1
2021-12-24,Finland,12,,1
2023-09-25,Austria,12,,1
2022-02-11,United Kingdom,12,,0
2021-12-12,France,1,,1
2022-06-07,Germany,2,,1
2022-03-03,France,12,,0
2022-09-08,Germany,12,,1
2023-04-18,Denmark,12,,1
2022-05-17,France,11,,1
2022-04-03,Germany,5,,1
2023-07-11,Denmark,11,,0
2022-05-30,United Kingdom,12,,1
2021-10-07,France,1,,1
2021-10-01,United Kingdom,9,,1
2021-09-20,France,10,,0
2023-08-07,Finland,1,,1
2021-09-26,Austria,7,,1
2022-04-12,United Kingdom,12,,0
2023-04-20,United Kingdom,3,,1
2021-11-19,France,1,,1
2022-10-17,Germany,7,,1
2021-10-01,Italy,7,,1
2022-10-19,Spain,12,,1
2021-11-15,Netherlands,12,,1
2022-01-14,Belgium,12,,1
2023-06-18,Switzerland,12,,1
2023-06-22,Sweden,7,,0
2023-05-26,Norway,12,,1
2023-04-27,Denmark,1,,1
2023-08-06,Finland,5,,1
2023-08-05,Austria,12,,1
2022-06-01,United Kingdom,3,,1
2021-12-21,France,12,,1
2023-10-02,Germany,12,,1
2022-10-07,Italy,1,,1
2023-02-14,Spain,1,,1
2022-11-03,Netherlands,1,,1
2021-10-03,Belgium,1,,1
2022-06-20,Switzerland,9,,1
2023-07-22,Sweden,3,,1
2023-03-01,Norway,1,,1
2023-06-21,Denmark,12,,0
2023-05-06,Finland,12,,1
2023-09-26,Austria,11,,1
2021-11-25,United Kingdom,1,,1
2023-08-02,France,9,,1
2022-11-10,Germany,12,,0
2023-07-27,Denmark,1,,0
2022-05-21,Finland,12,,0
2022-10-05,Austria,12,,1
2022-04-20,United Kingdom,12,,1
2021-09-13,France,12,,1
2021-12-04,Germany,12,,1
2023-10-14,Denmark,1,,0
2022-02-06,Finland,12,,1
2022-05-09,Austria,1,,1
2023-07-01,United Kingdom,12,,1
2023-08-07,France,1,,0
2022-03-11,Germany,1,,1
2021-09-16,France,8,,1
2022-10-07,Germany,4,,1
2022-05-03,Denmark,12,,1
2022-10-09,France,11,,0
2023-05-04,Germany,12,,1
2022-01-15,Denmark,11,,1
2022-05-02,United Kingdom,7,,1
2023-05-09,France,12,,1
2022-06-04,United Kingdom,12,,1
2023-05-05,France,1,,1
2021-12-10,Finland,4,,1
2021-12-21,Austria,1,,0
2023-07-30,United Kingdom,4,,1
2023-09-20,Finland,8,,1
2022-01-05,Austria,11,,1
2022-12-23,United Kingdom,6,,1
2023-08-11,Finland,1,,0
2021-11-17,Austria,12,,0
2022-09-28,United Kingdom,1,,0
2022-07-16,Finland,12,,1
2023-02-01,Austria,11,,1
2021-12-17,United Kingdom,12,,1
2022-01-27,Finland,3,,1
2022-01-10,Austria,4,,0
2022-01-23,United Kingdom,1,,1
2023-09-12,Finland,12,,0
2023-10-04,Austria,12,,0
2022-10-12,United Kingdom,1,,1
2022-08-01,Finland,12,,1
2022-06-30,Austria,12,,0
2022-02-04,United Kingdom,1,,1
2023-03-14,Finland,12,,1
2022-07-15,Austria,9,,1
2023-07-28,United Kingdom,5,,0
2022-01-27,Finland,3,,0
2023-07-23,Austria,10,,0
2022-03-14,United Kingdom,11,,1
2023-05-03,Finland,12,,1
2021-12-09,Austria,1,,1
2022-08-05,United Kingdom,11,,1
2023-08-27,Finland,12,,1
2021-10-25,Austria,1,,1
2022-09-14,United Kingdom,2,,1
2023-04-24,Finland,12,,0
2021-10-02,Austria,12,,1
2023-05-25,United Kingdom,7,,0
2022-05-22,Finland,12,,1
2023-05-31,Austria,12,,1
2022-08-03,United Kingdom,12,,0
2022-02-02,Finland,11,,1
2022-05-28,Austria,7,,0
2023-01-31,United Kingdom,12,,1
2022-10-17,Finland,11,,1
2022-11-24,Austria,9,,1
2021-10-13,United Kingdom,11,,1
2022-12-14,Finland,1,,0
2022-03-10,Austria,12,,0
2023-07-18,United Kingdom,1,,1
2023-09-29,Finland,1,,1
2023-04-29,Austria,12,,0
2023-08-06,United Kingdom,12,,1
2023-05-12,Finland,4,,1
2022-10-20,Austria,12,,1
2023-05-31,United Kingdom,12,,0
2023-08-12,Finland,7,,0
2023-07-07,Austria,1,,1
2023-08-18,United Kingdom,4,,1
2021-09-25,Finland,9,,1
2021-11-01,Austria,12,,1
2022-10-14,United Kingdom,12,,1
2022-06-13,Finland,7,,1
2022-10-06,Austria,1,,1
2022-12-03,United Kingdom,8,,0
2023-03-02,Finland,5,,0
2022-07-03,Austria,1,,1
2022-02-04,United Kingdom,7,,1
2022-05-31,Finland,12,,1
2021-12-01,Austria,11,,0
2022-06-17,United Kingdom,7,,1
2021-09-16,Finland,10,,1
2023-10-01,Austria,1,,1
2022-10-07,United Kingdom,11,,1
2022-02-04,Finland,12,,1
2023-10-05,Austria,1,,1
2022-06-01,United Kingdom,9,,1
2022-05-15,Finland,12,,1
2022-10-01,Austria,12,,1
2023-02-17,United Kingdom,12,,0
2021-12-29,Finland,12,,1
2021-11-13,Austria,1,,1
2021-10-02,United Kingdom,12,,1
2023-03-02,Finland,4,,0
2022-03-22,Austria,4,,1
2023-04-20,United Kingdom,12,,1
2022-02-20,Finland,7,,1
2022-03-01,Austria,12,,0
2023-09-28,United Kingdom,1,,1
2021-09-16,Finland,1,,0
2022-01-20,Austria,12,,1
2022-05-06,United Kingdom,1,,1
2022-06-05,Finland,2,,1
2022-10-04,Austria,12,,1
2021-10-08,United Kingdom,12,,0
2021-10-16,Finland,12,,0
2023-02-20,Austria,9,,1
2022-06-14,United Kingdom,9,,1
2022-11-04,Finland,4,,1
2023-06-14,Austria,12,,0
2022-09-01,United Kingdom,6,,1
2023-07-03,Finland,3,,1
2023-08-03,Austria,5,,1
2022-11-18,United Kingdom,9,,1
2021-10-23,Finland,9,,1
2023-06-30,Austria,12,,1
2021-11-24,United Kingdom,7,,1
2022-04-08,Finland,4,,0
2022-02-11,Austria,11,,1
2022-10-03,United Kingdom,1,,0
2022-02-27,Finland,7,,1
2022-04-30,Austria,12,,1
2021-10-04,United Kingdom,9,,1
2023-04-17,Finland,3,,1
2023-05-31,Austria,3,,1
2023-03-19,United Kingdom,4,,1
2023-09-26,Finland,1,,1
2022-04-14,Austria,4,,1
2022-12-23,United Kingdom,4,,1
2022-04-27,Finland,11,,1
2021-12-06,Austria,11,,1
2022-09-11,United Kingdom,5,,1
2021-11-30,Finland,1,,0
2023-04-05,Austria,1,,1
2021-12-27,United Kingdom,7,,0
2023-08-01,Finland,9,,1
2023-05-30,Austria,1,,0
2023-04-22,United Kingdom,12,,1
2022-08-27,Finland,9,,1
2022-12-29,Austria,7,,1
2023-10-09,United Kingdom,7,,1
2022-03-03,Finland,4,,1
2021-09-21,Austria,5,,0
2022-01-05,United Kingdom,12,,1
2022-01-13,Finland,12,,1
2022-03-08,Austria,3,,1
2023-09-01,United Kingdom,3,,0
2022-11-14,Finland,12,,0
2022-06-26,Austria,1,,0
2021-11-20,United Kingdom,3,,1
2022-08-01,Finland,12,,0
2021-11-14,Austria,7,,0
2022-04-26,United Kingdom,7,,1
2022-04-26,Finland,12,,0
2022-12-09,Austria,9,,1
2023-06-08,United Kingdom,3,,0
2022-01-23,Finland,12,,1
2022-10-28,Austria,10,,1
2021-10-11,United Kingdom,11,,0
2021-11-16,Finland,10,,1
2023-04-27,Austria,1,,1
2022-10-09,United Kingdom,4,,1
2022-12-11,Finland,1,,1
2022-01-07,Austria,5,,1
2023-06-27,United Kingdom,9,,1
2022-01-20,Finland,7,,1
2022-09-11,Austria,9,,0
2023-09-19,United Kingdom,11,,0
2021-10-20,Finland,1,,0
2022-10-16,Austria,5,,0
2021-11-13,United Kingdom,9,,1
2022-08-27,Finland,2,,0
2023-02-27,Austria,7,,1
2023-08-05,United Kingdom,2,,1
2023-07-03,Finland,12,,0
2021-10-14,Austria,12,,1
2022-02-19,United Kingdom,12,,0
2023-03-31,Finland,4,,0
2023-05-13,Austria,9,,0
2021-10-07,United Kingdom,9,,1
2022-09-03,Finland,5,,0
2023-10-22,Austria,12,,1
2023-07-04,United Kingdom,12,,1
2023-01-12,Finland,7,,1
2023-10-04,Austria,12,,1
2023-01-10,United Kingdom,11,,0
2022-09-30,Finland,1,,1
2023-04-04,Austria,11,,1
2022-05-16,United Kingdom,12,,1
2023-07-01,Finland,12,,1
2022-08-24,Austria,1,,1
2022-12-15,United Kingdom,5,,0
2023-10-30,Finland,12,,1
2023-05-12,Austria,7,,1
2023-06-17,Austria,2,,0
2022-03-27,Austria,2,,1
2023-02-26,Austria,5,,1
2023-10-18,Austria,1,,1
2022-07-25,Austria,12,,0
2022-12-31,Austria,4,,1
2021-12-26,Austria,1,,1
2022-08-26,Austria,7,,1
2022-08-10,Austria,12,,1
2023-07-18,Austria,7,,0
2022-04-09,Austria,12,,1
2023-03-10,Austria,1,,1
2022-07-12,Austria,1,,1
2022-04-07,Austria,12,,1
2023-01-18,Austria,12,,1
2021-09-10,Austria,1,,1
2022-11-12,Austria,12,,1
2023-08-20,Austria,1,,0
2021-10-05,Austria,1,,1
2022-08-31,Austria,1,,0
2022-09-22,Austria,12,,1
2022-02-04,Austria,11,,1
2021-09-22,Austria,9,,1
2023-05-09,Austria,1,,1
2022-03-07,Austria,12,,1
2021-10-22,Austria,9,,0
2021-09-09,Austria,7,,0
2022-02-05,Austria,1,,1
2023-01-08,Austria,12,,1
2023-05-09,Austria,12,,1
2022-03-09,Austria,12,,0
2021-12-30,Austria,4,,1
2022-10-30,Austria,1,,1
2022-10-27,Austria,5,,1
2021-09-30,Austria,1,,1
2022-03-30,Austria,12,,0
2021-11-22,Austria,4,,0
2022-01-02,Austria,1,,1
2023-07-06,Austria,3,,1
2022-03-19,Austria,4,,1
2023-05-01,Austria,11,,1
2022-11-12,Austria,1,,0
2022-11-13,Austria,10,,0
2023-03-21,Austria,1,,1
2022-02-22,Austria,12,,1
2021-10-20,Austria,11,,1
2022-03-24,Austria,12,,1
2021-12-31,Austria,6,,1
2023-10-14,Austria,8,,0
2022-08-29,Austria,1,,0
2022-07-07,Austria,12,,1
2022-05-15,Austria,12,,1
2021-11-22,Austria,1,,1
2023-09-02,Austria,7,,1
2023-04-16,Austria,12,,0
2023-03-26,Austria,7,,0
2021-11-29,Austria,12,,1
2023-06-20,Austria,12,,1
2023-07-25,Austria,9,,1
2023-01-20,Austria,10,,1
2023-01-01,Austria,9,,1
2023-07-22,Austria,10,,0
2023-02-23,Austria,7,,1
2023-06-06,Austria,4,,0
2021-11-11,Austria,8,,1
2022-03-01,Austria,12,,1
2022-10-25,Austria,12,,1
2023-02-06,Austria,5,,1
2021-12-09,Austria,1,,1
2021-10-17,Austria,7,,1
2023-07-17,Austria,9,,1
2023-01-17,Austria,12,,1
2022-05-29,Austria,7,,1
2021-10-29,Austria,1,,1
2022-02-02,Austria,7,,1
2022-02-16,Austria,12,,1
2023-04-27,Austria,4,,0
2022-07-02,Austria,12,,1
2023-07-28,Austria,12,,0
2022-04-10,Austria,12,,0
2023-08-06,Austria,12,,1
2022-12-26,Austria,4,,1
2022-06-09,Austria,12,,1
2021-10-29,Austria,3,,1
2023-09-24,Austria,11,,1
2021-09-16,Austria,9,,1
2022-12-24,Austria,9,,1
2022-05-19,Austria,12,,1
2023-06-26,Austria,9,,0
2022-01-28,Austria,3,,1
2023-04-21,Austria,9,,1
2022-10-29,Austria,12,,0
2021-09-28,Austria,12,,0
2023-08-21,Austria,11,,1
2022-01-06,Austria,1,,0
2022-11-08,Austria,12,,0
2023-08-27,Austria,1,,1
2022-12-30,Austria,12,,1
2023-02-27,Austria,3,,1
2023-08-16,Austria,5,,1
2023-07-20,Austria,12,,1
2023-06-29,Austria,1,,0
2023-02-12,Austria,7,,1
2021-10-02,Austria,1,,0
2022-04-29,Austria,10,,0
2023-03-15,Austria,4,,1
2022-12-06,Austria,1,,1
2022-10-31,Austria,4,,0
2022-10-27,Austria,12,,1
2022-07-03,Austria,7,,1
2022-12-06,Austria,7,,1
2021-12-21,Austria,9,,1
2021-12-22,Austria,1,,1
2023-06-11,Austria,12,,1
2021-10-08,Austria,12,,0
2022-08-30,Austria,8,,1
2022-10-29,Austria,12,,1
2022-06-01,Austria,11,,0
2021-12-26,Austria,10,,0
2022-04-03,Austria,12,,1
2022-06-03,Austria,1,,0
2022-05-02,Austria,12,,1
2023-06-26,Austria,11,,1
2023-09-11,Austria,4,,0
2022-08-20,Austria,12,,1
2022-03-20,Austria,12,,0
2023-04-16,Austria,7,,1
2021-09-15,Austria,12,,0
2022-01-03,Austria,11,,1
2021-11-19,Austria,12,,1
2023-06-10,Austria,1,,1
2021-10-31,Austria,7,,1
2021-11-25,Austria,1,,1
2022-03-03,Austria,8,,1
2021-10-12,Austria,1,,1
2021-11-07,Austria,10,,1
2023-03-07,Austria,1,,0
2023-03-25,Austria,12,,0
2021-10-22,Austria,12,,1
2023-06-09,Austria,8,,1
2023-05-01,Austria,12,,1
2022-12-02,Austria,12,,1
2021-10-21,Austria,12,,1
2022-10-07,Austria,1,,1
2023-05-27,Austria,4,,1
2022-10-31,Austria,8,,1
2021-11-07,Austria,12,,1
2023-07-01,Austria,5,,1
2022-11-25,Austria,12,,1
2021-10-05,Austria,10,,1
2022-03-01,Germany,1,,1
2022-06-14,Italy,12,,1
2023-07-16,Spain,10,,1
2023-03-15,Netherlands,4,,1
2022-07-21,Austria,3,,1
2022-06-16,Austria,3,,0
2022-08-06,Austria,4,,1
2022-02-24,Germany,9,,1
2023-03-21,Italy,7,,1
2022-01-13,Spain,1,,0
2022-11-04,Netherlands,12,,1
2022-03-06,Austria,12,,0
2021-12-12,Austria,12,,0
2022-06-04,Austria,7,,1
2022-07-01,Germany,1,,0
2022-09-08,Italy,12,,1
2023-09-23,Spain,8,,1
2022-02-14,Netherlands,12,,1
2023-03-26,Austria,4,,1
2023-02-07,Austria,12,,1
2022-05-26,Austria,12,,1
2022-12-13,Germany,12,,1
2023-07-08,Italy,1,,0
2022-02-06,Spain,1,,1
2023-07-28,Netherlands,12,,1
2022-12-08,Austria,1,,0
2022-05-08,Austria,12,,0
2022-02-26,Austria,12,,1
2022-11-16,Germany,11,,1
2023-01-04,Italy,7,,0
2022-08-04,Spain,1,,1
2023-09-17,Netherlands,12,,0
2022-12-28,Austria,11,,0
2022-05-04,Austria,8,,1
2023-08-24,Austria,10,,0
2022-10-02,Germany,12,,1
2023-03-04,Italy,7,,0
2021-12-22,Spain,9,,1
2022-01-30,Netherlands,12,,1
2023-06-02,Austria,4,,1
2023-10-08,Austria,12,,0
2021-09-09,Austria,1,,1
2022-04-17,Germany,9,,0
2022-03-29,Italy,12,,1
2022-05-07,Spain,1,,1
2022-10-25,Netherlands,12,,1
2023-04-19,Austria,1,,1
2022-05-28,Austria,1,,1
2022-09-03,Austria,1,,0
2022-01-15,Germany,7,,1
2022-07-17,Italy,7,,1
2022-10-01,Spain,12,,1
2022-10-24,Netherlands,12,,0
2023-05-13,Austria,8,,1
2023-08-22,Austria,11,,1
2021-09-28,Austria,11,,1
2021-12-18,Germany,12,,1
2022-10-28,Italy,9,,1
2023-06-15,Spain,1,,1
2023-02-04,United Kingdom,12,,1
2022-05-02,France,1,,1
2022-09-22,Germany,12,,1
2022-04-20,Italy,12,,1
2021-12-21,Spain,1,,1
2023-04-15,Netherlands,12,,1
2022-01-27,Belgium,12,,0
2022-01-13,Switzerland,1,,1
2023-02-22,Sweden,7,,1
2022-04-30,Norway,1,,0
2022-01-31,Denmark,1,,1
2023-02-27,Finland,12,,0
2023-04-22,Austria,12,,1
2023-04-16,United Kingdom,12,,1
2022-11-10,France,11,,0
2023-08-06,Germany,10,,1
2022-05-29,Italy,7,,0
2022-09-02,Spain,12,,1
2021-12-16,Netherlands,12,,1
2023-03-04,Belgium,1,,1
2023-08-02,Switzerland,7,,1
2023-04-15,Sweden,11,,1
2021-10-11,Norway,4,,0
2022-11-14,Denmark,1,,1
2023-03-11,Finland,12,,1
2022-04-30,Austria,12,,1
2021-09-14,United Kingdom,5,,1
2023-06-14,France,4,,1
2022-08-23,Germany,12,,1
2022-12-05,Denmark,1,,1
2021-09-07,Finland,12,,1
2022-05-30,Austria,7,,1
2023-03-19,United Kingdom,12,,1
2022-09-11,France,7,,0
2022-04-10,Germany,1,,1
2021-11-30,Denmark,12,,1
2023-06-16,Finland,11,,1
2022-10-13,Austria,11,,1
2022-09-21,United Kingdom,1,,1
2021-11-02,France,7,,1
2023-07-18,Germany,12,,0
2022-07-28,France,12,,1
2023-10-25,Germany,7,,1
2023-09-01,Denmark,12,,0
2023-05-12,France,12,,1
2023-08-11,Germany,12,,1
2023-09-18,Denmark,12,,1
2023-01-24,United Kingdom,4,,1
2022-04-27,France,12,,1
2023-10-13,United Kingdom,1,,1
2023-10-22,France,11,,0
2023-07-07,Finland,7,,0
2023-03-30,Austria,1,,0
2023-06-21,United Kingdom,9,,1
2022-02-07,United Kingdom,2,,1
2023-03-09,France,12,,1
2023-08-21,Germany,3,,1
2023-03-08,Italy,12,,1
2021-10-16,Spain,4,,1
2022-06-01,Netherlands,12,,1
2022-02-25,Belgium,12,,1
2022-05-27,Switzerland,12,,1
2021-10-05,Sweden,7,,1
2023-09-25,Norway,12,,1
2022-04-07,Denmark,5,,1
2023-10-29,Finland,4,,1
2022-01-21,Austria,1,,1
2023-01-24,United Kingdom,12,,1
2022-06-05,France,10,,1
2023-05-26,Germany,12,,1
2022-06-28,Italy,4,,1
2022-08-05,Spain,12,,0
2022-03-13,Netherlands,12,,1
2023-07-08,Belgium,1,,0
2022-11-09,Switzerland,1,,1
2023-03-28,Sweden,5,,1
2022-05-06,Norway,12,,1
2023-01-24,Denmark,1,,1
2022-02-16,Finland,12,,0
2021-11-02,Austria,12,,1
2022-06-13,United Kingdom,11,,1
2021-09-25,France,1,,1
2022-01-12,Germany,12,,0
2022-04-06,Denmark,8,,1
2022-09-24,Finland,12,,1
2022-10-29,Austria,12,,1
2023-03-14,United Kingdom,3,,1
2023-08-07,France,12,,1
2022-09-29,Germany,10,,1
2022-03-20,Denmark,12,,1
2023-06-05,Finland,5,,1
2023-01-17,Austria,7,,1
2021-10-31,United Kingdom,1,,1
2021-09-03,France,1,,0
2022-10-12,Germany,7,,0
2023-01-20,France,11,,1
2022-01-19,Germany,4,,1
2021-10-10,Denmark,10,,1
2022-10-05,France,12,,1
2023-03-14,Germany,12,,1
2022-07-18,Denmark,12,,0
2022-12-03,United Kingdom,12,,1
2023-04-22,France,5,,1
2022-02-05,United Kingdom,4,,0
2022-12-23,France,7,,1
2023-06-20,Finland,12,,1
2023-03-02,Austria,2,,1
2023-07-29,United Kingdom,12,,1
2023-03-09,United Kingdom,12,,1
2022-05-19,France,12,,0
2022-12-28,Germany,5,,1
2022-03-14,Italy,12,,1
2023-02-07,Spain,2,,1
2022-04-09,Netherlands,3,,0
2023-06-28,Belgium,12,,0
2022-05-08,Switzerland,1,,1
2022-02-15,Sweden,2,,0
2022-11-29,Norway,4,,1
2023-03-10,Denmark,9,,0
2023-08-07,Finland,12,,0
2022-02-04,Austria,12,,1
2023-07-16,United Kingdom,1,,1
2021-11-21,France,12,,1
2022-08-05,Germany,3,,0
2023-07-26,Italy,12,,0
2023-10-18,Spain,12,,1
2022-01-11,Netherlands,12,,0
2021-10-29,Belgium,10,,1
2022-04-20,Switzerland,11,,0
2022-12-19,Sweden,12,,1
2023-03-24,Norway,12,,1
2022-01-16,Denmark,12,,1
2023-02-26,Finland,3,,0
2022-12-24,Austria,1,,1
2023-07-01,United Kingdom,12,,1
2021-11-16,France,1,,1
2022-11-14,Germany,12,,0
2022-07-19,Denmark,12,,0
2023-10-31,Finland,11,,1
2021-11-04,Austria,1,,1
2022-05-10,United Kingdom,12,,1
2022-08-07,France,12,,0
2022-12-12,Germany,1,,0
2023-11-02,Denmark,11,,1
2022-01-10,Finland,12,,1
2022-10-27,Austria,3,,1
2022-04-12,United Kingdom,12,,1
2021-10-03,France,6,,1
2021-10-25,Germany,4,,0
2022-10-09,France,1,,1
2021-09-20,Germany,12,,1
2023-05-28,Denmark,12,,1
2022-02-21,France,11,,1
2023-07-07,Germany,5,,1
2022-05-19,Denmark,7,,1
2022-04-07,United Kingdom,5,,1
2021-10-28,France,12,,1
2022-07-06,United Kingdom,12,,0
2023-07-02,France,12,,0
2023-08-03,Finland,1,,0
2021-10-24,Austria,12,,1
2023-06-04,United Kingdom,4,,1
2021-09-09,Finland,9,,1
2022-05-31,Austria,11,,1
2022-07-06,United Kingdom,12,,1
2022-06-19,Finland,12,,1
2023-06-01,Austria,12,,0
2022-01-27,United Kingdom,12,,1
2022-10-27,Finland,12,,1
2023-03-25,Austria,8,,0
2023-09-26,United Kingdom,12,,0
2022-09-01,Finland,3,,1
2023-01-11,Austria,12,,0
2022-07-25,United Kingdom,7,,1
2022-09-24,Finland,1,,1
2022-11-29,Austria,12,,1
2021-11-08,United Kingdom,1,,0
2023-10-06,Finland,1,,1
2023-01-30,Austria,1,,1
2023-01-09,United Kingdom,1,,0
2021-10-01,Finland,1,,0
2021-12-02,Austria,12,,1
2023-10-14,United Kingdom,12,,0
2023-07-19,Finland,4,,1
2023-03-18,Austria,7,,1
2023-10-22,United Kingdom,12,,0
2023-05-15,Finland,4,,0
2021-11-25,Austria,7,,1
2022-08-02,United Kingdom,1,,1
2023-06-30,Finland,7,,1
2022-08-11,Austria,9,,1
2023-03-10,United Kingdom,12,,0
2023-03-09,Finland,1,,1
2023-07-24,Austria,10,,1
2022-05-26,United Kingdom,6,,1
2022-04-16,Finland,3,,0
2023-07-25,Austria,3,,1
2022-02-13,United Kingdom,4,,0
2021-12-01,Finland,12,,1
2023-04-10,Austria,1,,1
2022-07-14,United Kingdom,4,,1
2022-02-03,Finland,12,,0
2022-05-22,Austria,11,,1
2023-07-23,United Kingdom,11,,0
2022-01-23,Finland,4,,1
2021-10-15,Austria,7,,1
2022-07-23,United Kingdom,12,,1
2023-09-24,Finland,12,,1
2022-02-23,Austria,12,,0
2023-05-20,United Kingdom,4,,0
2023-05-21,Finland,12,,1
2023-06-09,Austria,12,,1
2023-03-28,United Kingdom,12,,0
2021-12-11,Finland,9,,1
2022-05-11,Austria,5,,0
2021-09-26,United Kingdom,9,,1
2021-11-18,Finland,12,,1
2023-07-19,Austria,12,,1
2021-09-26,United Kingdom,1,,0
2022-07-23,Finland,4,,1
2023-10-01,Austria,7,,0
2021-09-26,United Kingdom,9,,1
2021-10-27,Finland,2,,0
2023-10-04,Austria,5,,1
2023-01-07,United Kingdom,4,,1
2021-12-31,Finland,12,,1
2022-02-28,Austria,9,,0
2023-09-22,United Kingdom,12,,0
2023-08-02,Finland,12,,0
2022-11-05,Austria,11,,0
2022-09-02,United Kingdom,12,,1
2023-10-25,Finland,11,,1
2022-04-20,Austria,12,,1
2022-11-24,United Kingdom,12,,1
2022-09-17,Finland,12,,1
2021-11-25,Austria,1,,0
2022-11-28,United Kingdom,12,,1
2023-06-22,Finland,6,,0
2023-02-18,Austria,5,,1
2022-04-17,United Kingdom,3,,0
2022-05-15,Finland,12,,0
2022-09-24,Austria,5,,0
2022-05-26,United Kingdom,10,,0
2022-10-23,Finland,1,,1
2022-11-16,Austria,6,,1
2022-04-24,United Kingdom,11,,1
2022-04-20,Finland,1,,1
2023-10-20,Austria,4,,1
2021-11-30,United Kingdom,1,,1
2022-07-21,Finland,8,,1
2022-10-23,Austria,4,,1
2021-11-24,United Kingdom,7,,0
2022-05-28,Finland,12,,0
2023-02-12,Austria,1,,0
2021-10-15,United Kingdom,7,,0
2023-08-24,Finland,3,,1
2022-11-23,Austria,7,,1
2023-05-30,United Kingdom,12,,1
2022-04-13,Finland,12,,1
2021-12-20,Austria,7,,1
2023-08-19,United Kingdom,12,,1
2022-05-15,Finland,1,,0
2023-01-21,Austria,11,,1
2023-04-10,United Kingdom,12,,1
2022-07-23,Finland,1,,0
2022-01-29,Austria,6,,1
2023-08-17,United Kingdom,1,,1
2022-11-09,Finland,10,,1
2023-04-08,Austria,5,,1
2022-10-01,United Kingdom,11,,1
2023-03-27,Finland,12,,1
2023-02-24,Austria,3,,0
2023-08-26,United Kingdom,3,,0
2022-10-01,Finland,7,,1
2022-01-22,Austria,10,,1
2022-07-28,United Kingdom,6,,1
2023-06-16,Finland,4,,1
2021-10-30,Austria,11,,1
2023-03-13,United Kingdom,5,,1
2023-06-13,Finland,1,,0
2022-05-30,Austria,12,,1
2022-03-27,United Kingdom,12,,1
2022-03-25,Finland,1,,1
2022-06-25,Austria,7,,1
2022-03-03,United Kingdom,12,,1
2022-10-27,Finland,12,,0
2022-03-05,Austria,3,,1
2023-04-21,United Kingdom,1,,0
2022-05-27,Finland,9,,1
2021-10-01,Austria,9,,1
2023-07-26,United Kingdom,12,,1
2022-03-16,Finland,9,,0
2022-07-05,Austria,9,,0
2022-03-05,United Kingdom,3,,1
2022-05-29,Finland,12,,0
2023-01-30,Austria,11,,0
2023-09-14,United Kingdom,12,,0
2023-07-07,Finland,1,,1
2023-02-18,Austria,7,,1
2022-03-12,United Kingdom,5,,1
2022-09-09,Finland,11,,1
2023-05-08,Austria,11,,1
2023-01-28,United Kingdom,12,,1
2021-11-02,Finland,12,,1
2023-01-07,Austria,1,,1
2023-08-25,United Kingdom,7,,1
2022-05-22,Finland,12,,1
2022-04-17,Austria,9,,1
2023-08-16,United Kingdom,1,,1
2023-10-06,Finland,12,,0
2022-06-18,Austria,4,,0
2022-01-16,United Kingdom,7,,1
2022-07-11,Finland,12,,1
2023-05-30,Austria,12,,1
2023-07-09,United Kingdom,1,,1
2023-10-27,Finland,1,,1
2023-09-06,Austria,1,,1
2023-09-11,United Kingdom,7,,1
2023-10-02,Finland,11,,1
2022-03-05,Austria,7,,1
2023-04-14,United Kingdom,2,,0
2023-10-30,Finland,12,,1
2022-05-07,Austria,3,,0
2023-02-27,United Kingdom,3,,0
2022-07-09,Finland,12,,1
2022-01-14,Austria,11,,0
2022-02-28,United Kingdom,10,,1
2022-12-31,Finland,12,,0
2022-07-10,Austria,12,,1
2023-02-19,United Kingdom,12,,0
2023-10-31,Finland,1,,1
2023-04-30,Austria,12,,1
2021-11-01,United Kingdom,12,,0
2023-06-28,Finland,12,,0
2021-11-15,Austria,12,,1
2023-01-29,United Kingdom,4,,1
2022-05-23,Finland,7,,0
2021-10-20,Austria,1,,1
2022-05-16,United Kingdom,12,,1
2022-09-23,Finland,4,,1
2022-08-02,Austria,12,,1
2023-09-18,Austria,1,,1
2023-08-29,Austria,1,,1
2022-10-11,Austria,9,,1
2022-04-18,Austria,1,,1
2023-03-20,Austria,1,,1
2022-10-09,Austria,1,,0
2022-03-09,Austria,11,,1
2022-03-03,Austria,1,,0
2021-12-16,Austria,12,,1
2023-06-19,Austria,4,,0
2022-02-20,Austria,1,,1
2023-06-15,Austria,12,,0
2022-10-04,Austria,12,,1
2022-01-27,Austria,1,,1
2023-02-19,Austria,12,,0
2022-06-19,Austria,1,,1
2023-04-01,Austria,7,,0
2022-05-14,Austria,12,,0
2023-02-18,Austria,4,,1
2021-09-04,Austria,1,,1
2022-10-10,Austria,12,,1
2022-08-24,Austria,4,,1
2021-12-20,Austria,12,,1
2023-08-19,Austria,1,,1
2022-11-06,Austria,9,,1
2022-03-10,Austria,8,,1
2022-02-15,Austria,1,,1
2021-12-01,Austria,12,,0
2022-07-12,Austria,1,,0
2021-12-18,Austria,12,,0
2022-11-19,Austria,3,,1
2022-05-04,Austria,4,,1
2021-10-12,Austria,1,,0
2021-10-03,Austria,12,,0
2021-10-04,Austria,11,,1
2023-04-30,Austria,12,,0
2023-06-15,Austria,11,,1
2023-06-15,Austria,3,,0
2022-04-10,Austria,5,,1
2022-02-11,Austria,12,,1
2023-04-06,Austria,12,,0
2021-11-16,Austria,12,,1
2022-02-06,Austria,12,,0
2023-06-18,Austria,9,,1
2023-02-07,Austria,12,,1
2023-01-30,Austria,12,,0
2021-10-22,Austria,1,,0
2022-01-12,Austria,11,,0
2021-11-01,Austria,12,,1
2022-12-09,Austria,1,,1
2022-11-01,Austria,1,,1
2022-07-09,Austria,9,,1
2022-11-11,Austria,7,,0
2021-09-13,Austria,4,,1
2022-08-21,Austria,12,,1
2023-03-04,Austria,12,,0
2023-09-06,Austria,12,,0
2022-08-23,Austria,12,,1
2022-09-29,Austria,12,,1
2022-11-11,Austria,11,,1
2021-10-18,Austria,11,,0
2023-06-17,Austria,1,,1
2022-06-26,Austria,1,,0
2023-07-28,Austria,1,,1
2022-01-11,Austria,12,,1
2023-09-16,Austria,4,,0
2022-09-05,Austria,12,,0
2023-09-07,Austria,12,,0
2022-01-25,Austria,1,,1
2021-10-26,Austria,4,,1
2022-12-19,Austria,12,,1
2021-12-26,Austria,4,,1
2023-01-02,Austria,3,,0
2021-11-30,Austria,5,,0
2022-06-30,Austria,11,,1
2022-03-27,Austria,8,,0
2022-03-14,Austria,7,,1
2022-05-26,Austria,12,,0
2023-04-17,Austria,8,,0
2022-10-06,Austria,12,,1
2022-04-14,Austria,12,,1
2022-09-20,Austria,12,,1
2023-07-10,Austria,1,,1
2023-08-06,Austria,12,,0
2021-09-08,Austria,12,,0
2023-06-21,Austria,7,,0
2023-08-12,Austria,11,,0
2022-02-13,Austria,12,,1
2021-12-26,Austria,10,,1
2023-05-21,Austria,8,,1
2022-08-08,Austria,6,,1
2022-03-03,Austria,12,,1
2023-09-25,Austria,4,,0
2022-04-28,Austria,12,,0
2022-12-20,Austria,12,,1
2021-12-11,Austria,9,,1
2023-04-24,Austria,2,,1
2022-07-21,Austria,11,,1
2022-05-21,Austria,1,,1
2022-07-23,Austria,3,,1
2023-08-29,Austria,2,,0
2023-08-26,Austria,12,,1
2022-01-10,Austria,12,,1
2021-10-04,Austria,11,,1
2023-01-25,Austria,11,,0
2022-03-21,Austria,5,,0
2023-09-11,Austria,8,,0
2023-02-20,Austria,1,,1
2021-12-07,Austria,3,,0
2023-01-04,Austria,7,,1
2022-10-20,Austria,12,,1
2023-07-13,Austria,12,,1
2023-03-06,Austria,12,,1
2022-09-04,Austria,12,,1
2021-12-09,Austria,11,,0
2022-06-15,Austria,1,,0
2022-01-27,Austria,9,,0
2022-11-26,Austria,9,,1
2021-09-20,Austria,12,,1
2022-07-19,Austria,12,,1
2023-01-23,Austria,11,,1
2023-04-09,Austria,9,,1
2023-02-20,Austria,5,,1
2023-07-30,Austria,9,,1
2022-12-31,Austria,12,,1
2021-09-27,Austria,12,,0
2022-07-27,Austria,7,,0
2021-12-05,Austria,9,,0
2021-11-16,Austria,12,,0
2022-07-07,Austria,12,,0
2022-09-08,Austria,12,,1
2023-08-20,Austria,12,,0
2021-11-15,Austria,12,,1
2022-02-22,Austria,1,,0
2022-08-20,Austria,9,,1
2023-09-08,Austria,12,,1
2022-01-08,Austria,12,,0
2023-09-08,Austria,4,,1
2022-03-31,Austria,2,,1
2022-07-25,Austria,12,,1
2023-09-07,Austria,1,,1
2022-12-15,Austria,5,,1
2022-02-12,Austria,8,,0
2023-04-06,Austria,12,,0
2023-08-24,Austria,1,,1
2022-04-16,Austria,12,,1
2022-11-26,Austria,11,,0
2022-11-10,Austria,12,,0
2022-11-09,Austria,11,,1
2021-11-12,Austria,3,,1
2023-07-12,Germany,5,,1
2022-10-27,Italy,12,,1
2022-12-17,Spain,7,,1
2022-02-14,Netherlands,9,,1
2023-07-14,Austria,9,,1
2023-04-02,Austria,12,,1
2022-03-16,Austria,7,,1
2023-05-28,Germany,3,,1
2022-05-17,Italy,9,,1
2021-12-17,Spain,3,,0
2023-04-03,Netherlands,12,,1
2023-03-04,Austria,1,,1
2022-06-17,Austria,11,,0
2022-06-11,Austria,12,,1
2023-01-05,Germany,1,,1
2022-01-04,Italy,7,,1
2022-05-14,Spain,9,,1
2021-12-13,Netherlands,4,,1
2021-12-05,Austria,4,,0
2022-10-24,Austria,3,,1
2022-06-25,Austria,1,,1
2023-03-05,Germany,12,,0
2022-02-14,Italy,4,,0
2021-11-13,Spain,12,,1
2022-02-16,Netherlands,12,,1
2022-01-03,Austria,12,,1
2022-01-17,Austria,12,,1
2021-10-11,Austria,12,,1
2022-12-21,Germany,1,,0
2023-05-28,Italy,11,,1
2023-01-22,Spain,9,,1
2023-06-05,Netherlands,12,,1
2021-11-27,Austria,5,,1
2021-09-24,Austria,12,,1
2023-03-16,Austria,12,,1
2022-01-23,Germany,12,,1
2023-03-30,Italy,12,,1
2022-09-18,Spain,5,,1
2022-09-05,Netherlands,12,,1
2022-05-13,Austria,7,,1
2022-01-09,Austria,11,,1
2022-01-28,Austria,3,,1
2022-10-12,Germany,12,,1
2022-03-01,Italy,9,,1
2021-11-03,Spain,1,,1
2023-03-29,Netherlands,9,,1
2021-11-25,Austria,11,,0
2023-06-13,Austria,12,,1
2023-08-15,Austria,3,,1
2023-02-06,Germany,6,,1
2021-09-23,Italy,12,,1
2021-12-08,Spain,4,,0
2021-12-19,Netherlands,12,,0
2021-10-19,Austria,1,,0
2022-03-25,Austria,7,,1
2022-05-06,Austria,11,,0
2022-11-25,Germany,12,,1
2022-08-15,Italy,3,,1
2023-10-28,Spain,1,,0
2022-04-02,Sweden,3,,0
2023-01-18,Norway,1,,1
2021-11-27,Denmark,12,,0
2022-10-08,Finland,9,,0
2022-08-16,Austria,9,,1
2022-04-29,Sweden,1,,1
2022-05-14,Norway,11,,0
2022-02-24,Denmark,12,,0
2023-03-19,Finland,1,,0
2023-10-08,Austria,12,,1
2022-06-15,Netherlands,1,,0
2022-12-12,Austria,9,,1
2023-08-16,Austria,5,,0
2023-03-07,Austria,3,,0
2022-11-06,Germany,12,,1
2023-06-30,Italy,12,,0
2022-07-18,Spain,3,,1
2023-08-13,Sweden,12,,1
2023-03-14,Norway,9,,0
2023-04-23,Denmark,12,,1
2022-06-05,Finland,11,,0
2023-05-10,Austria,1,,0
2023-09-24,Sweden,11,,0
2022-06-06,Norway,4,,1
2023-09-20,Denmark,2,,1
2021-09-17,Finland,12,,1
2023-09-18,Austria,10,,1
2022-11-04,Netherlands,12,,1
2022-01-22,Austria,9,,1
2023-02-06,Austria,9,,1
2023-03-08,Austria,7,,1
2023-05-28,Germany,1,,1
2023-08-24,Italy,12,,0
2021-12-01,Spain,1,,1
2022-05-03,Sweden,12,,1
2022-01-23,Norway,4,,1
2023-10-01,Denmark,3,,1
2022-11-14,Finland,12,,1
2022-06-08,Austria,6,,1
2023-05-11,Sweden,3,,1
2023-02-06,Norway,12,,1
2023-04-06,Denmark,12,,1
2022-03-18,Finland,5,,0
2021-10-17,Austria,12,,1
2022-06-23,Netherlands,12,,1
2022-04-11,Austria,12,,0
2023-06-04,Austria,1,,0
2023-06-21,Austria,7,,1
2022-07-17,Germany,5,,0
2022-07-04,Italy,12,,1
2023-10-19,Spain,12,,1
2023-03-27,Sweden,12,,0
2023-08-10,Norway,9,,0
2023-07-22,Denmark,1,,1
2022-11-16,Finland,1,,1
2023-09-08,Austria,12,,1
2023-04-28,Sweden,12,,1
2022-09-21,Norway,5,,1
2021-11-15,Denmark,5,,1
2022-09-13,Finland,12,,1
2022-03-04,Austria,4,,0
2023-02-06,Netherlands,1,,1
2023-09-01,Austria,12,,1
2021-10-14,Austria,12,,1
2023-03-08,Austria,12,,1
2021-10-27,Germany,12,,1
2023-04-03,Italy,12,,1
2023-10-19,Spain,1,,1
2023-05-31,Sweden,12,,1
2022-11-29,Norway,9,,1
2021-11-14,Denmark,9,,1
2022-11-13,Finland,12,,1
2023-08-04,Austria,11,,1
2021-11-02,Sweden,12,,1
2022-11-17,Norway,12,,1
2022-07-07,Denmark,9,,1
2022-09-07,Finland,12,,0
2022-12-08,Austria,1,,0
2021-11-11,Netherlands,12,,1
2022-03-07,Austria,11,,1
2021-09-07,Austria,4,,1
2021-09-13,Austria,1,,0
2022-10-03,Germany,12,,1
2023-05-05,Italy,7,,1
2023-08-08,Spain,1,,1
2022-08-19,Sweden,1,,0
2023-07-24,Norway,12,,1
2022-03-27,Denmark,1,,1
2022-01-26,Finland,1,,0
2022-05-09,Austria,3,,1
2022-09-28,Sweden,11,,1
2022-09-13,Norway,12,,1
2021-10-10,Denmark,12,,0
2021-11-09,Finland,1,,1
2023-10-25,Austria,1,,1
2023-06-01,Netherlands,12,,0
2022-07-05,Austria,12,,1
2022-06-05,Austria,12,,1
2022-02-27,Austria,11,,1
2023-09-12,Germany,4,,1
2023-08-15,Italy,7,,1
2023-02-28,Spain,3,,0
2023-04-14,Sweden,5,,1
2023-05-20,Norway,11,,0
2023-09-28,Denmark,9,,0
2023-03-25,Finland,1,,1
2021-12-05,Austria,1,,1
2022-05-23,Sweden,12,,0
2021-09-28,Norway,12,,1
2021-11-30,Denmark,1,,1
2022-11-14,Finland,1,,1
2023-06-09,Austria,1,,0
2023-01-28,Netherlands,12,,1
2021-09-08,Austria,4,,0
2022-01-06,Austria,10,,1
2022-02-14,Austria,1,,1
2023-07-09,Germany,12,,1
2021-12-05,Italy,1,,1
2022-02-11,Spain,7,,1
2023-07-03,Sweden,7,,1
2022-09-07,Norway,12,,0
2022-06-26,Denmark,4,,1
2021-10-31,Finland,12,,0
2023-03-03,Austria,8,,1
2022-02-14,Sweden,12,,0
2023-02-07,Norway,7,,1
2022-05-23,Denmark,12,,1
2022-06-21,Finland,5,,1
2023-01-27,Austria,12,,1
2023-05-12,Netherlands,9,,1
2022-12-08,Austria,9,,1
2021-09-10,Austria,11,,1
2022-05-03,Austria,1,,1
2023-07-02,Germany,9,,1
2023-03-18,Italy,11,,1
2022-05-18,Spain,12,,1
2022-02-10,Sweden,11,,0
2023-10-30,Norway,7,,1
2022-12-27,Denmark,12,,1
2022-01-09,Finland,12,,1
2022-09-24,Austria,12,,1
2022-12-10,Sweden,12,,0
2021-10-06,Norway,3,,1
2022-08-31,Denmark,1,,1
2022-01-01,Finland,9,,0
2023-06-12,Austria,4,,0
2023-07-25,Netherlands,9,,1
2021-11-16,Austria,1,,0
2022-09-29,Austria,7,,1
2021-09-12,Austria,12,,0
2023-04-06,Germany,1,,1
2022-08-29,Italy,10,,1
2023-01-29,Spain,4,,1
2022-11-30,Sweden,7,,0
2022-08-16,Norway,1,,1
2023-09-25,Denmark,12,,1
2023-04-22,Finland,12,,1
2023-10-17,Austria,3,,1
2021-10-09,Sweden,9,,0
2021-09-04,Norway,12,,1
2022-06-23,Denmark,2,,0
2023-02-08,Finland,3,,0
2023-07-05,Austria,12,,1
2023-10-02,Netherlands,11,,1
2021-11-04,Austria,1,,0
2022-03-12,Austria,1,,1
2022-12-20,Austria,3,,0
2023-02-07,Germany,9,,0
2022-03-06,Italy,12,,1
2023-07-21,Spain,10,,1
2023-10-12,Sweden,12,,1
2022-11-23,Norway,12,,1
2023-09-15,Denmark,12,,1
2023-01-08,Finland,12,,1
2022-10-21,Austria,9,,1
2021-11-11,Sweden,3,,0
2022-11-20,Norway,1,,1
2023-06-05,Denmark,12,,0
2023-03-19,Finland,12,,1
2022-01-21,Austria,12,,0
2022-12-07,Netherlands,1,,1
2023-01-18,Austria,1,,0
2022-12-17,Austria,9,,1
2021-09-23,Austria,12,,1
2023-06-28,Germany,4,,0
2022-05-01,Italy,12,,1
2022-01-26,Spain,12,,1
2022-05-04,Sweden,5,,1
2022-05-16,Norway,12,,0
2021-12-02,Denmark,1,,1
2023-04-26,Finland,11,,1
2022-05-25,Austria,1,,1
2023-08-18,Sweden,4,,1
2022-04-04,Norway,1,,0
2022-01-24,Denmark,4,,1
2023-03-12,Finland,12,,0
2021-12-11,Austria,10,,1
2023-06-25,Netherlands,12,,1
2023-07-04,Austria,12,,1
2022-11-09,Austria,10,,1
2023-03-23,Austria,12,,1
2023-03-07,Germany,12,,1
2023-07-18,Italy,4,,1
2023-05-31,Spain,1,,0
2021-12-10,Sweden,4,,1
2022-02-05,Norway,12,,1
2023-07-23,Denmark,12,,1
2022-05-05,Finland,1,,1
2022-12-22,Austria,1,,1
2022-06-13,Sweden,1,,1
2022-08-31,Norway,12,,1
2022-06-30,Denmark,3,,1
2022-07-24,Finland,5,,1
2022-07-21,Austria,1,,1
2023-10-01,Netherlands,12,,1
2022-10-20,Austria,12,,1
2022-03-21,Austria,1,,0
2022-06-23,Austria,7,,1
2023-09-02,Germany,5,,1
2022-05-20,Italy,12,,1
2023-04-26,Spain,4,,1
2022-05-11,Sweden,12,,0
2022-09-01,Norway,1,,1
2021-09-10,Denmark,11,,1
2023-08-09,Finland,7,,1
2022-08-12,Austria,8,,1
2023-07-10,Sweden,4,,1
2023-04-03,Norway,12,,0
2022-03-21,Denmark,12,,1
2023-01-21,Finland,3,,1
2023-03-26,Austria,1,,1
2021-12-06,Netherlands,9,,0
2022-06-24,Austria,1,,1
2021-12-07,Austria,4,,1
2022-12-12,Austria,12,,1
2022-04-26,Germany,2,,0
2022-07-07,Italy,12,,1
2022-02-17,Spain,3,,1
2023-04-18,Sweden,1,,1
2022-04-25,Norway,12,,1
2022-04-07,Denmark,12,,0
2022-08-27,Finland,12,,1
2022-03-07,Austria,12,,1
2023-11-01,Sweden,12,,1
2023-05-12,Norway,11,,0
2023-06-30,Denmark,1,,1
2022-11-29,Finland,8,,0
2022-05-16,Austria,1,,0
2023-06-07,Netherlands,12,,1
2021-09-25,Austria,9,,1
2022-05-12,Austria,5,,1
2022-12-08,Austria,12,,1
2021-12-03,Germany,12,,0
2021-11-11,Italy,12,,1
2022-04-07,Spain,12,,1
2021-11-29,Sweden,12,,1
2022-04-04,Norway,9,,1
2023-05-03,Denmark,12,,0
2021-10-09,Finland,12,,1
2022-03-24,Austria,2,,1
2023-06-03,Sweden,1,,1
2023-05-22,Norway,12,,0
2021-10-04,Denmark,7,,1
2022-07-15,Finland,12,,0
2022-06-19,Austria,1,,1
2022-05-13,Netherlands,9,,1
2022-05-02,Austria,1,,1
2023-04-01,Austria,3,,0
2022-06-16,Austria,11,,0
2023-01-24,Germany,10,,1
2023-07-02,Italy,1,,0
2023-10-05,Spain,3,,0
2022-12-16,Sweden,12,,0
2022-12-09,Norway,12,,0
2023-10-19,Denmark,12,,1
2023-02-25,Finland,12,,1
2023-06-14,Austria,9,,1
2022-02-07,Sweden,11,,1
2023-08-04,Norway,12,,0
2023-07-26,Denmark,9,,1
2023-08-05,Finland,12,,1
2023-07-16,Austria,12,,0
2023-06-16,Netherlands,12,,0
2023-01-16,Austria,7,,1
2022-05-05,Austria,9,,1
2023-04-10,Austria,12,,1
2023-01-09,Germany,12,,1
2023-09-22,Italy,4,,0
2022-08-02,Spain,1,,1
2022-04-22,Sweden,1,,0
2022-08-09,Norway,9,,1
2023-04-23,Denmark,5,,1
2023-08-26,Finland,12,,1
2021-11-01,Austria,12,,0
2021-10-25,Sweden,9,,0
2022-07-22,Norway,12,,0
2022-06-12,Denmark,1,,1
2022-12-21,Finland,8,,0
2022-02-21,Austria,4,,0
2022-01-01,Netherlands,4,,1
2023-03-25,Austria,12,,1
2023-05-22,Austria,1,,1
2021-10-22,Austria,4,,0
2022-03-16,Germany,12,,0
2023-09-02,Italy,12,,1
2023-11-01,Spain,12,,1
2022-08-25,Sweden,9,,1
2023-07-03,Norway,12,,1
2022-02-26,Denmark,4,,1
2023-10-08,Finland,11,,0
2021-12-27,Austria,12,,1
2021-12-21,Sweden,1,,0
2022-05-21,Norway,12,,1
2022-01-01,Denmark,12,,1
2023-03-18,Finland,3,,0
2023-07-24,Austria,1,,0
2022-05-28,Netherlands,12,,1
2021-10-29,Austria,12,,0
2023-10-25,Austria,12,,1
2021-11-29,Austria,9,,0
2023-08-11,Germany,1,,0
2022-11-24,Italy,12,,1
2023-01-30,Spain,12,,1
2021-10-20,Sweden,4,,1
2022-01-22,Norway,11,,0
2021-12-01,Denmark,10,,1
2023-03-11,Finland,12,,1
2021-12-04,Austria,1,,1
2022-11-22,Sweden,11,,0
2023-03-13,Norway,11,,1
2022-05-29,Denmark,1,,1
2022-01-31,Finland,4,,1
2022-04-21,Austria,11,,1
2021-11-25,Netherlands,9,,1
2022-08-07,Austria,3,,0
2022-12-25,Austria,7,,1
2021-09-11,Austria,1,,1
2022-09-28,Germany,12,,0
2023-07-26,Italy,1,,1
2021-11-18,Spain,7,,1
2023-08-27,Sweden,12,,0
2023-03-20,Norway,4,,0
2021-11-22,Denmark,8,,1
2023-07-30,Finland,1,,0
2022-09-21,Austria,12,,0
2023-07-22,Sweden,12,,0
2022-03-11,Norway,7,,1
2021-11-29,Denmark,7,,1
2022-05-01,Finland,6,,0
2022-01-14,Austria,11,,0
2023-10-06,Netherlands,5,,1
2023-06-30,Austria,7,,1
2021-11-05,Austria,1,,0
2021-10-11,Austria,1,,1
2022-07-19,Germany,12,,0
2022-10-27,Italy,12,,1
2023-05-06,Spain,9,,1
2023-08-11,Sweden,1,,1
2022-02-18,Norway,5,,0
2023-03-12,Denmark,12,,1
2022-07-27,Finland,1,,1
2021-11-09,Austria,12,,1
2023-02-25,Sweden,1,,0
2023-05-18,Norway,12,,1
2022-06-17,Denmark,1,,1
2023-05-30,Finland,9,,0
2022-01-06,Austria,12,,1
2023-09-20,Netherlands,5,,1
2021-09-12,Austria,11,,0
2022-07-05,Austria,12,,1
2022-11-02,Austria,9,,1
2023-07-02,Germany,1,,1
2022-01-22,Italy,1,,1
2023-09-17,Spain,12,,1
2023-06-06,Sweden,4,,1
2022-11-18,Norway,2,,0
2022-05-29,Denmark,12,,0
2023-09-03,Finland,12,,1
2022-04-24,Austria,12,,1
2023-09-01,Sweden,5,,1
2022-11-21,Norway,1,,1
2023-03-16,Denmark,12,,1
2022-12-22,Finland,1,,1
2022-03-12,Austria,12,,1
2023-06-09,Netherlands,1,,1
2023-08-24,Austria,12,,0
2023-05-21,Austria,1,,1
2023-01-28,Austria,9,,1
2023-10-30,Germany,4,,1
2023-08-20,Italy,9,,1
2021-10-02,Spain,4,,1
2022-10-24,Sweden,12,,1
2023-08-15,Norway,1,,1
2023-09-04,Denmark,12,,1
2022-01-27,Finland,10,,1
2023-09-29,Austria,3,,1
2022-03-26,Sweden,12,,0
2021-12-23,Norway,10,,1
2023-04-26,Denmark,12,,1
2021-11-10,Finland,11,,1
2021-10-20,Austria,7,,1
2023-09-30,Netherlands,11,,1
2023-08-07,Austria,12,,0
2023-07-24,Austria,12,,1
2023-02-16,Austria,6,,1
2023-02-01,Germany,10,,1
2021-09-05,Italy,8,,0
2023-08-05,Spain,7,,1
2021-11-15,Sweden,1,,1
2021-11-10,Norway,9,,1
2022-11-17,Denmark,3,,1
2023-02-12,Finland,6,,0
2022-04-26,Austria,1,,1
2023-08-07,Sweden,12,,0
2023-09-03,Norway,5,,1
2022-04-07,Denmark,12,,1
2023-02-17,Finland,4,,1
2022-02-01,Austria,12,,1
2022-05-31,Netherlands,1,,1
2021-10-29,Austria,7,,0
2022-12-03,Austria,7,,1
2022-08-07,Austria,12,,1
2021-09-06,Germany,12,,1
2022-09-12,Italy,12,,1
2023-08-26,Spain,7,,0
2023-06-16,Sweden,12,,0
2021-10-22,Norway,12,,0
2022-10-05,Denmark,3,,1
2022-10-12,Finland,12,,1
2023-10-10,Austria,12,,0
2023-05-18,Sweden,12,,0
2023-05-14,Norway,11,,1
2022-03-21,Denmark,5,,0
2022-11-16,Finland,1,,1
2022-08-15,Austria,6,,1
2023-06-17,Netherlands,12,,1
2022-01-10,Austria,12,,1
2021-11-01,Austria,12,,1
2023-08-11,Austria,12,,1
2022-06-02,Germany,1,,1
2022-06-01,Italy,1,,0
2023-04-07,Spain,12,,0
2022-02-09,Sweden,1,,0
2021-12-18,Norway,12,,1
2023-03-08,Denmark,1,,1
2022-04-14,Finland,7,,1
2023-10-04,Austria,1,,1
2022-06-17,Sweden,12,,1
2022-11-15,Norway,12,,1
2022-05-01,Denmark,12,,1
2022-08-16,Finland,12,,1
2022-10-30,Austria,3,,1
2023-04-08,Netherlands,7,,1
2023-07-02,Austria,1,,0
2021-11-23,Austria,12,,1
2023-08-27,Austria,1,,1
2023-06-19,Germany,12,,1
2023-02-09,Italy,10,,0
2022-03-02,Spain,1,,1
2022-08-19,Sweden,1,,0
2022-12-06,Norway,12,,1
2021-10-15,Denmark,12,,1
2022-05-31,Finland,12,,1
2023-01-27,Austria,1,,0
2021-11-13,Sweden,1,,1
2021-11-02,Norway,11,,0
2022-04-09,Denmark,3,,1
2023-01-17,Finland,12,,0
2021-10-01,Austria,12,,1
2023-05-06,Netherlands,12,,0
2023-02-13,Austria,12,,1
2022-09-09,Austria,1,,1
2023-02-05,Austria,10,,1
2023-03-27,Germany,12,,1
2021-10-20,Italy,11,,0
2023-09-14,Spain,1,,0
2023-03-23,Sweden,8,,0
2022-07-20,Norway,11,,1
2023-03-01,Denmark,12,,1
2022-06-12,Finland,1,,1
2023-10-18,Austria,1,,0
2022-10-11,Sweden,12,,1
2023-02-22,Norway,5,,1
2022-12-09,Denmark,4,,1
2023-03-20,Finland,12,,0
2022-07-05,Austria,11,,1
2022-10-15,Netherlands,4,,1
2021-11-12,Austria,9,,1
2021-12-12,Austria,4,,1
2021-11-07,Austria,1,,1
2022-08-07,Germany,12,,1
2022-05-15,Italy,2,,1
2023-07-21,Spain,12,,0
2022-03-25,Sweden,10,,1
2023-08-10,Norway,12,,1
2021-10-02,Denmark,12,,1
2022-10-15,Finland,10,,1
2023-10-24,Austria,12,,0
2023-05-22,Sweden,12,,1
2022-10-10,Norway,12,,1
2023-01-03,Denmark,9,,1
2022-03-12,Finland,7,,0
2023-06-03,Austria,11,,1
2022-03-16,Netherlands,9,,0
2022-07-24,Austria,12,,0
2022-03-02,Austria,12,,1
2022-03-04,Austria,4,,1
2022-04-21,Germany,5,,0
2023-03-09,Italy,4,,1
2021-12-17,Spain,9,,1
2022-11-05,Sweden,12,,1
2023-06-30,Norway,12,,0
2021-11-22,Denmark,12,,1
2021-11-25,Finland,12,,0
2023-05-18,Austria,12,,0
2022-09-27,Sweden,4,,1
2022-05-03,Norway,12,,1
2022-11-28,Denmark,3,,0
2023-07-20,Finland,12,,1
2022-01-16,Austria,12,,1
2022-07-10,Netherlands,1,,0
2023-01-04,Austria,10,,1
2022-03-11,Austria,12,,1
2022-04-18,Austria,1,,1
2023-03-10,Germany,1,,1
2021-12-07,Italy,7,,1
2022-07-30,Spain,1,,1
2023-09-09,Sweden,12,,1
2022-02-13,Norway,12,,1
2022-02-28,Denmark,12,,1
2022-07-07,Finland,8,,1
2022-02-15,Austria,11,,1
2022-12-08,Sweden,12,,1
2023-01-09,Norway,11,,0
2022-06-14,Denmark,9,,0
2022-07-14,Finland,11,,0
2023-04-17,Austria,1,,1
2022-04-05,Netherlands,1,,1
2022-01-10,Austria,12,,1
2022-12-29,Austria,9,,1
2023-08-01,Austria,4,,1
2022-10-30,Germany,12,,1
2022-12-31,Italy,1,,1
2023-07-09,Spain,1,,1
2022-02-19,Sweden,12,,1
2022-11-10,Norway,1,,1
2021-11-22,Denmark,1,,1
2022-09-14,Finland,4,,1
2022-07-08,Austria,11,,1
2023-04-01,Sweden,12,,1
2022-01-31,Norway,12,,1
2022-11-05,Denmark,1,,1
2022-07-21,Finland,12,,0
2022-01-30,Austria,12,,1
2023-05-30,Netherlands,4,,1
2023-03-29,Austria,7,,1
2022-07-08,Austria,6,,1
2022-05-10,Austria,12,,1
2022-07-21,Germany,4,,1
2022-09-29,Italy,12,,1
2023-02-04,Spain,11,,1
2022-02-02,Sweden,3,,1
2022-10-16,Norway,11,,1
2023-05-11,Denmark,3,,0
2022-05-16,Finland,1,,0
2023-05-12,Austria,12,,1
2023-02-01,Sweden,8,,0
2022-09-02,Norway,3,,1
2022-01-18,Denmark,1,,1
2023-08-05,Finland,9,,1
2021-11-22,Austria,12,,1
2023-02-25,Netherlands,12,,1
2023-01-08,Austria,1,,1
2023-02-04,Austria,1,,1
2023-02-17,Austria,1,,0
2021-12-29,Germany,12,,0
2022-08-17,Italy,1,,1
2022-07-04,Spain,12,,1
2022-10-13,Sweden,7,,1
2022-04-13,Norway,9,,1
2023-03-01,Denmark,1,,1
2023-03-12,Finland,1,,1
2023-02-24,Austria,7,,1
2023-05-21,Sweden,1,,1
2023-10-27,Norway,12,,1
2023-10-02,Denmark,2,,1
2022-03-25,Finland,1,,1
2022-01-19,Austria,12,,0
2023-02-26,Netherlands,4,,1
2023-02-02,Austria,11,,1
2022-11-28,Austria,7,,0
2021-10-08,Austria,12,,0
2022-08-15,Germany,12,,1
2022-06-15,Italy,12,,1
2022-09-13,Spain,12,,1
2022-06-30,Sweden,7,,1
2022-08-30,Norway,10,,0
2022-03-11,Denmark,11,,0
2023-03-24,Finland,12,,1
2022-04-01,Austria,1,,1
2023-01-12,Sweden,12,,1
2022-03-09,Norway,2,,1
2022-07-31,Denmark,7,,1
2022-04-22,Finland,8,,1
2022-08-07,Austria,12,,1
2022-06-11,Netherlands,1,,1
2022-02-22,Austria,12,,1
2022-04-25,Austria,7,,0
2022-12-20,Austria,12,,1
2022-12-09,Germany,9,,1
2022-03-16,Italy,1,,1
2022-11-16,Spain,12,,1
2023-02-12,Sweden,2,,1
2022-11-25,Norway,1,,0
2023-08-06,Denmark,1,,1
2022-01-08,Finland,12,,0
2023-04-15,Austria,12,,1
2022-04-12,Sweden,7,,0
2023-03-09,Norway,1,,0
2022-02-25,Denmark,5,,1
2022-11-18,Finland,11,,0
2022-04-28,Austria,9,,1
2023-03-15,Netherlands,12,,1
2022-04-17,Austria,5,,1
2022-06-02,Austria,12,,1
2022-01-16,Austria,12,,1
2023-09-14,Germany,1,,1
2023-04-16,Italy,9,,0
2023-09-16,Spain,3,,1
2021-10-16,Sweden,9,,0
2023-07-17,Norway,7,,0
2022-10-03,Denmark,4,,1
2023-04-14,Finland,1,,1
2023-09-14,Austria,7,,0
2023-04-26,Sweden,7,,0
2021-12-24,Norway,5,,0
2023-09-07,Denmark,12,,0
2023-10-23,Finland,9,,0
2023-06-15,Austria,1,,0
2022-08-26,Netherlands,12,,1
2022-02-21,Austria,12,,0
2022-04-07,Austria,11,,1
2022-06-22,Austria,12,,1
2023-06-03,Germany,12,,1
2023-06-21,Italy,12,,1
2022-10-29,Spain,9,,1
2023-05-09,Sweden,12,,0
2023-01-10,Norway,12,,0
2023-11-02,Denmark,12,,0
2022-01-29,Finland,3,,0
2022-12-04,Austria,1,,1
2023-04-06,Sweden,12,,0
2022-07-03,Norway,4,,0
2022-10-27,Denmark,1,,0
2021-10-28,Finland,9,,1
2023-10-19,Austria,9,,1
2022-10-23,Netherlands,7,,0
2023-04-02,Austria,12,,1
2023-05-15,Austria,1,,0
2023-09-01,Austria,12,,1
2023-07-28,Germany,9,,0
2022-06-12,Italy,1,,1
2023-10-29,Spain,1,,0
2023-06-08,Sweden,7,,0
2022-03-27,Norway,4,,0
2023-03-23,Denmark,12,,1
2022-05-06,Finland,12,,1
2022-04-19,Austria,7,,0
2021-10-02,Sweden,4,,1
2023-08-21,Norway,7,,1
2022-03-15,Denmark,11,,0
2022-09-06,Finland,4,,1
2021-09-26,Austria,12,,1
2023-08-08,Netherlands,12,,0
2023-10-26,Austria,2,,1
2023-08-29,Austria,10,,1
2023-04-11,Austria,12,,0
2023-07-19,Germany,12,,0
2023-06-10,Italy,12,,1
2021-09-16,Spain,9,,1
2023-06-13,Sweden,1,,1
2022-01-19,Norway,12,,1
2023-04-21,Denmark,11,,1
2022-04-12,Finland,1,,1
2023-07-10,Austria,12,,0
2022-10-11,Sweden,12,,1
2023-07-14,Norway,4,,1
2023-04-17,Denmark,1,,1
2022-01-07,Finland,12,,1
2023-05-23,Austria,1,,1
2022-02-14,Netherlands,9,,0
2023-05-13,Austria,10,,1
2021-09-20,Austria,1,,0
2023-09-26,Austria,1,,1
2022-06-26,Germany,1,,0
2023-03-15,Italy,12,,0
2022-07-27,Spain,12,,0
2022-01-21,Sweden,12,,1
2022-12-07,Norway,12,,1
2022-02-06,Denmark,12,,1
2022-11-15,Finland,12,,1
2021-12-25,Austria,7,,1
2021-09-24,Sweden,1,,1
2021-09-07,Norway,11,,0
2023-10-15,Denmark,5,,1
2021-09-26,Finland,7,,1
2022-02-27,Austria,11,,1
2023-02-28,Netherlands,12,,1
2022-08-22,Austria,12,,1
2021-11-07,Austria,12,,1
2023-05-17,Austria,7,,0
2021-11-10,Germany,1,,1
2023-05-01,Italy,11,,1
2023-02-21,Spain,4,,1
2021-12-25,Sweden,12,,1
2021-10-18,Norway,1,,0
2023-08-31,Denmark,12,,1
2022-10-01,Finland,12,,1
2021-12-21,Austria,12,,1
2022-07-29,Sweden,11,,0
2021-11-11,Norway,4,,0
2023-03-15,Denmark,12,,1
2022-06-09,Finland,5,,1
2022-08-25,Austria,12,,0
2023-05-31,Netherlands,4,,0
2022-07-31,Austria,1,,1
2022-06-19,Austria,7,,0
2022-08-05,Austria,9,,0
2022-12-13,Germany,12,,1
2023-02-24,Italy,1,,0
2022-10-27,Spain,4,,1
2023-04-09,Sweden,1,,1
2022-12-14,Norway,11,,1
2022-08-05,Denmark,1,,0
2022-10-02,Finland,1,,1
2023-01-31,Austria,7,,1
2021-11-27,Sweden,1,,0
2022-05-29,Norway,12,,0
2022-07-01,Denmark,12,,1
2023-03-20,Finland,12,,1
2022-09-12,Austria,1,,1
2022-03-01,Netherlands,12,,1
2022-06-21,Austria,12,,0
2023-04-30,Austria,12,,1
2023-07-15,Austria,12,,0
2023-01-27,Germany,12,,1
2023-03-06,Italy,1,,1
2022-10-22,Spain,12,,0
2023-10-20,Sweden,12,,1
2022-01-02,Norway,7,,1
2022-04-18,Denmark,12,,1
2022-08-19,Finland,12,,1
2023-02-05,Austria,2,,1
2023-09-14,Sweden,8,,1
2022-06-26,Norway,1,,0
2022-03-07,Denmark,9,,0
2023-09-29,Finland,11,,1
2022-10-04,Austria,7,,0
2023-03-15,Netherlands,12,,1
2023-08-15,Austria,12,,0
2022-05-20,Austria,12,,0
2021-12-31,Austria,4,,1
2023-06-10,Germany,9,,1
2022-03-25,Italy,12,,1
2021-10-14,Spain,7,,1
2023-08-23,Sweden,11,,1
2023-05-29,Norway,10,,1
2022-01-09,Denmark,12,,1
2023-03-29,Finland,12,,1
2022-04-19,Austria,12,,1
2023-02-15,Sweden,4,,0
2023-05-15,Norway,12,,1
2022-04-23,Denmark,9,,1
2022-06-29,Finland,7,,0
2022-06-10,Austria,12,,1
2022-03-05,Netherlands,1,,1
2023-02-26,Austria,12,,1
2021-10-13,Austria,12,,1
2021-09-27,Austria,7,,0
2022-08-10,Germany,11,,1
2022-05-16,Italy,12,,1
2021-11-10,Spain,12,,1
2023-09-03,Sweden,12,,1
2021-12-26,Norway,12,,1
2021-10-10,Denmark,12,,1
2021-09-13,Finland,9,,1
2022-12-13,Austria,12,,1
2022-06-05,Sweden,12,,1
2022-11-25,Norway,9,,1
2022-02-25,Denmark,7,,1
2023-02-16,Finland,8,,1
2021-09-26,Austria,7,,1
2023-02-28,Netherlands,12,,1
2021-12-06,Austria,7,,0
2023-08-08,Austria,1,,0
2022-03-10,Austria,11,,0
2023-05-23,Germany,12,,1
2022-02-23,Italy,12,,1
2021-10-16,Spain,12,,1
2022-11-26,Sweden,3,,0
2022-08-25,Norway,12,,0
2021-12-14,Denmark,11,,0
2021-10-03,Finland,4,,0
2021-12-29,Austria,3,,1
2023-10-18,Sweden,12,,0
2022-01-24,Norway,12,,0
2021-09-22,Denmark,11,,0
2022-04-25,Finland,1,,0
2021-10-27,Austria,12,,1
2021-11-08,Netherlands,6,,0
2022-01-31,Austria,7,,1
2021-12-17,Austria,12,,0
2023-08-09,Austria,1,,1
2023-07-11,Germany,1,,0
2021-09-11,Italy,12,,1
2023-02-11,Spain,12,,1
2022-12-22,Sweden,12,,1
2022-07-22,Norway,1,,1
2021-09-18,Denmark,12,,1
2021-09-15,Finland,12,,1
2023-07-31,Austria,12,,0
2023-03-28,Sweden,12,,1
2022-05-28,Norway,10,,0
2021-09-28,Denmark,12,,1
2022-12-23,Finland,4,,1
2023-06-27,Austria,12,,0
2023-10-14,Netherlands,12,,1
2022-06-15,Austria,9,,1
2022-08-09,Austria,12,,0
2021-11-24,Austria,8,,0
2023-04-24,Germany,1,,1
2021-11-03,Italy,12,,0
2023-06-09,Spain,10,,0
2021-12-02,Sweden,12,,1
2021-10-21,Norway,7,,1
2023-07-16,Denmark,12,,0
2022-05-24,Finland,1,,1
2023-04-07,Austria,1,,1
2023-08-23,Sweden,9,,1
2021-11-04,Norway,1,,0
2022-11-13,Denmark,11,,1
2022-12-28,Finland,12,,1
2021-12-11,Austria,9,,1
2023-08-27,Netherlands,12,,0
2023-07-07,Austria,1,,0
2022-12-31,Austria,12,,1
2022-04-14,Austria,1,,0
2023-05-22,Germany,4,,1
2022-04-12,Italy,3,,1
2022-08-22,Spain,1,,1
2022-02-09,Sweden,5,,1
2023-05-13,Norway,12,,1
2023-04-08,Denmark,12,,1
2022-01-10,Finland,12,,1
2021-12-14,Austria,4,,1
2023-07-01,Sweden,1,,0
2022-04-26,Norway,10,,1
2021-10-15,Denmark,4,,1
2023-07-02,Finland,5,,1
2021-10-10,Austria,12,,1
2022-06-09,Netherlands,12,,0
2023-01-20,Austria,11,,1
2022-06-11,Austria,4,,1
2022-08-15,Austria,1,,1
2023-04-19,Germany,11,,1
2022-06-10,Italy,12,,1
2023-08-21,Spain,1,,1
2022-07-13,Sweden,12,,1
2022-02-18,Norway,11,,1
2021-09-02,Denmark,12,,0
2021-11-05,Finland,1,,1
2021-10-16,Austria,12,,0
2023-09-12,Sweden,12,,0
2022-12-24,Norway,9,,1
2023-04-29,Denmark,12,,1
2023-10-25,Finland,12,,1
2022-02-28,Austria,1,,1
2022-12-05,Netherlands,11,,0
2022-11-26,Austria,3,,1
2022-09-26,Austria,7,,1
2023-04-05,Austria,12,,0
2023-01-04,Germany,1,,0
2022-07-07,Italy,12,,0
2023-07-06,Spain,12,,1
2023-07-20,Sweden,12,,0
2021-09-11,Norway,11,,1
2021-11-19,Denmark,12,,1
2023-07-07,Finland,3,,1
2023-10-12,Austria,12,,0
2022-05-15,Sweden,12,,1
2023-09-24,Norway,12,,0
2023-04-20,Denmark,12,,1
2022-01-23,Finland,12,,1
2023-09-23,Austria,1,,0
2022-03-22,Netherlands,1,,0
2022-01-08,Austria,1,,0
2022-04-08,Austria,1,,1
2022-08-13,Austria,12,,1
2023-01-18,Germany,3,,1
2021-12-25,Italy,1,,0
2022-05-22,Spain,11,,1
2023-08-15,Sweden,11,,1
2023-03-01,Norway,12,,1
2023-09-07,Denmark,1,,1
2022-11-02,Finland,12,,1
2023-10-01,Austria,4,,0
2023-09-22,Sweden,7,,0
2023-05-27,Norway,1,,0
2022-01-17,Denmark,3,,1
2022-02-16,Finland,12,,0
2022-12-23,Austria,7,,1
2023-01-06,Netherlands,1,,1
2021-09-17,Austria,9,,1
2021-10-14,Austria,1,,1
2023-06-21,Austria,1,,0
2023-01-02,Germany,1,,1
2023-10-07,Italy,12,,1
2022-07-15,Spain,3,,0
2023-01-17,Sweden,7,,1
2022-04-22,Norway,12,,1
2021-10-10,Denmark,12,,1
2022-03-17,Finland,4,,0
2022-05-29,Austria,9,,0
2022-09-30,Sweden,8,,1
2022-10-08,Norway,12,,0
2022-05-14,Denmark,4,,1
2023-10-14,Finland,11,,1
2023-08-27,Austria,7,,1
2023-05-07,Netherlands,11,,0
2022-05-21,Austria,1,,1
2023-04-22,Austria,1,,0
2023-08-11,Austria,7,,1
2022-11-30,Germany,4,,0
2021-12-25,Italy,11,,1
2022-03-04,Spain,12,,1
2023-01-21,Sweden,12,,0
2022-06-14,Norway,4,,1
2022-06-09,Denmark,7,,1
2021-09-03,Finland,12,,0
2022-01-24,Austria,12,,1
2023-06-01,Sweden,7,,1
2021-12-28,Norway,12,,0
2022-02-18,Denmark,4,,0
2023-02-12,Finland,12,,1
2022-03-10,Austria,12,,0
2023-07-04,Netherlands,7,,1
2022-11-30,Austria,4,,0
2021-11-19,Austria,10,,1
2022-07-07,Austria,7,,1
2022-01-28,Germany,2,,1
2022-03-21,Italy,3,,0
2023-07-13,Spain,12,,1
2023-03-11,Sweden,1,,1
2023-01-10,Norway,4,,1
2021-11-05,Denmark,4,,0
2022-02-23,Finland,1,,1
2022-03-26,Austria,4,,1
2022-09-04,Sweden,11,,1
2021-11-22,Norway,12,,1
2022-12-11,Denmark,7,,0
2023-08-13,Finland,1,,1
2021-12-25,Austria,1,,1
2022-08-04,Netherlands,12,,1
2023-08-22,Austria,7,,1
2023-09-13,Austria,1,,1
2022-02-27,Austria,1,,1
2022-10-12,Germany,8,,1
2023-01-18,Italy,1,,0
2023-01-24,Spain,12,,0
2022-08-10,Sweden,12,,1
2022-09-29,Norway,3,,1
2023-01-12,Denmark,1,,0
2023-10-07,Finland,12,,1
2022-12-23,Austria,1,,1
2023-07-25,Sweden,6,,1
2022-11-13,Norway,1,,0
2021-09-14,Denmark,12,,1
2022-01-31,Finland,4,,1
2021-10-13,Austria,11,,1
2023-07-09,Netherlands,9,,0
2023-08-22,Austria,11,,1
2022-03-06,Austria,10,,0
2021-10-04,Austria,12,,1
2023-09-25,Germany,10,,1
2023-05-13,Italy,1,,0
2023-07-08,Spain,12,,1
2022-07-29,Sweden,4,,1
2022-05-01,Norway,12,,1
2022-08-14,Denmark,12,,0
2023-10-01,Finland,7,,1
2022-11-10,Austria,12,,0
2022-12-28,Sweden,1,,0
2023-03-04,Norway,12,,1
2023-03-23,Denmark,4,,1
2023-02-21,Finland,9,,1
2021-09-07,Austria,1,,0
2023-02-07,Netherlands,1,,1
2022-07-30,Austria,3,,1
2023-09-27,Austria,3,,1
2021-10-10,Austria,7,,1
2022-06-09,Germany,11,,1
2022-08-05,Italy,1,,1
2023-02-17,Spain,7,,1
2023-08-06,Sweden,10,,1
2022-12-31,Norway,12,,1
2022-01-25,Denmark,11,,1
2023-02-18,Finland,12,,1
2023-08-16,Austria,12,,0
2022-05-11,Sweden,4,,1
2022-04-01,Norway,1,,1
2023-09-08,Denmark,7,,1
2021-10-17,Finland,12,,0
2022-09-14,Austria,4,,1
2021-10-23,Netherlands,12,,0
2022-01-24,Austria,7,,1
2023-03-11,Austria,1,,1
2023-04-14,Austria,12,,1
2022-11-11,Germany,12,,0
2023-08-26,Italy,12,,0
2023-06-06,Spain,12,,1
2023-07-30,Sweden,9,,1
2023-02-20,Norway,9,,1
2022-05-03,Denmark,11,,0
2023-09-06,Finland,4,,0
2021-10-22,Austria,1,,1
2022-04-30,Sweden,12,,1
2022-03-08,Norway,4,,1
2022-07-15,Denmark,11,,1
2023-06-18,Finland,1,,1
2021-10-16,Austria,12,,1
2023-03-05,Netherlands,10,,1
2023-05-07,Austria,12,,1
2022-10-07,Austria,12,,1
2022-12-12,Austria,12,,1
2023-03-10,Germany,1,,1
2021-10-07,Italy,12,,1
2023-03-21,Spain,4,,1
2023-03-12,Sweden,7,,1
2023-10-20,Norway,12,,0
2023-04-05,Denmark,12,,1
2021-11-10,Finland,5,,1
2022-01-18,Austria,12,,1
2023-06-11,Sweden,3,,1
2022-08-31,Norway,12,,1
2023-06-18,Denmark,12,,0
2021-10-20,Finland,2,,1
2023-04-29,Austria,9,,1
2022-04-06,Netherlands,12,,1
2022-01-01,Austria,1,,1
2023-05-05,Austria,9,,1
2022-01-15,Austria,12,,1
2023-02-24,Germany,1,,1
2023-06-07,Italy,1,,0
2022-02-24,Spain,12,,1
2022-04-26,Sweden,12,,1
2022-12-02,Norway,1,,0
2023-06-06,Denmark,12,,0
2022-07-08,Finland,12,,1
2022-10-24,Austria,10,,0
2022-08-01,Sweden,12,,1
2022-01-12,Norway,12,,1
2022-09-01,Denmark,12,,1
2023-05-04,Finland,7,,1
2023-01-07,Austria,5,,0
2022-04-08,Netherlands,1,,1
2023-03-22,Austria,1,,1
2023-05-13,Austria,12,,1
2021-09-05,Austria,12,,1
2023-03-07,Germany,1,,1
2023-03-14,Italy,7,,0
2022-08-09,Spain,12,,1
2022-09-05,Sweden,10,,1
2022-08-20,Norway,12,,1
2023-06-16,Denmark,12,,1
2022-06-20,Finland,11,,0
2023-08-06,Austria,12,,0
2023-06-29,Sweden,4,,1
2023-07-18,Norway,8,,0
2023-07-23,Denmark,12,,1
2021-12-09,Finland,7,,0
2022-09-11,Austria,12,,0
2022-05-22,Netherlands,1,,1
2021-10-14,Austria,12,,1
2022-11-28,Austria,1,,1
2022-05-23,Austria,1,,1
2023-02-26,Germany,12,,0
2023-03-26,Italy,12,,1
2023-07-06,Spain,12,,0
2022-11-07,Sweden,7,,1
2022-09-21,Norway,12,,1
2023-02-03,Denmark,5,,0
2022-04-26,Finland,4,,1
2022-06-20,Austria,12,,0
2023-03-16,Sweden,12,,1
2023-08-11,Norway,9,,0
2021-12-03,Denmark,1,,1
2023-10-05,Finland,12,,0
2022-12-11,Austria,12,,1
2022-01-28,Netherlands,12,,1
2022-01-16,Austria,12,,1
2023-09-22,Austria,9,,1
2021-12-11,Austria,12,,0
2023-07-19,Germany,4,,0
2023-09-01,Italy,1,,1
2023-08-13,Spain,12,,1
2022-04-30,Sweden,12,,1
2023-05-28,Norway,5,,0
2022-01-28,Denmark,12,,0
2023-03-13,Finland,2,,1
2022-11-13,Austria,1,,1
2022-08-12,Sweden,1,,0
2021-11-22,Norway,11,,1
2022-03-09,Denmark,12,,1
2022-04-25,Finland,12,,1
2021-10-01,Austria,7,,1
2023-10-08,Netherlands,11,,1
2023-04-27,Austria,4,,0
2022-06-09,Austria,1,,1
2022-10-21,Austria,9,,1
2023-08-24,Germany,7,,0
2023-10-05,Italy,7,,1
2022-09-28,Spain,1,,1
2023-09-10,Sweden,12,,1
2022-06-16,Norway,12,,1
2022-02-15,Denmark,1,,1
2022-10-26,Finland,12,,0
2023-05-10,Austria,12,,1
2023-07-29,Sweden,12,,1
2022-07-02,Norway,4,,0
2023-06-24,Denmark,1,,1
2022-05-01,Finland,12,,1
2022-12-26,Austria,1,,1
2022-03-08,Netherlands,12,,1
2022-04-02,Austria,3,,1
2022-03-04,Austria,10,,1
2022-09-20,Austria,7,,1
2023-04-20,Germany,12,,1
2023-06-19,Italy,3,,0
2023-01-06,Spain,11,,1
2022-11-28,Sweden,12,,1
2023-08-11,Norway,7,,1
2023-04-25,Denmark,12,,1
2021-10-05,Finland,1,,0
2022-08-19,Austria,4,,1
2022-09-09,Sweden,12,,1
2021-10-20,Norway,12,,0
2023-10-11,Denmark,1,,1
2022-04-04,Finland,11,,1
2022-05-16,Austria,1,,1
2023-02-25,Netherlands,4,,0
2022-07-21,United Kingdom,12,,0
2021-11-21,France,7,,0
2021-12-02,Germany,12,,0
2021-12-29,Italy,12,,0
2022-06-13,Spain,12,,1
2021-10-22,Netherlands,1,,1
2023-01-31,Belgium,12,,1
2023-10-06,Switzerland,1,,1
2022-08-17,Sweden,1,,1
2023-07-04,Norway,11,,1
2021-12-04,Denmark,9,,1
2023-08-13,Finland,4,,0
2022-07-30,Austria,1,,1
2023-10-04,United Kingdom,2,,0
2022-06-14,France,3,,1
2021-12-08,Germany,10,,1
2022-09-21,Italy,1,,1
2023-05-09,Spain,7,,1
2023-05-19,Netherlands,1,,1
2022-11-09,Belgium,12,,1
2022-10-24,Switzerland,12,,0
2022-07-28,Sweden,12,,1
2023-04-13,Norway,1,,0
2022-03-05,Denmark,11,,1
2021-10-03,Finland,8,,1
2022-12-06,Austria,8,,0
2021-11-21,United Kingdom,7,,1
2023-10-04,France,1,,0
2021-10-11,Germany,1,,0
2023-06-19,Denmark,12,,1
2023-05-17,Finland,12,,0
2022-03-12,Austria,12,,0
2022-12-17,United Kingdom,7,,0
2022-10-19,France,1,,0
2021-09-06,Germany,12,,1
2022-09-19,Denmark,12,,1
2022-01-31,Finland,2,,1
2022-11-26,Austria,9,,1
2022-08-19,United Kingdom,7,,0
2021-09-10,France,1,,0
2022-03-18,Germany,12,,0
2023-07-24,France,12,,0
2021-10-01,Germany,7,,1
2023-09-19,Denmark,12,,1
2021-11-18,France,11,,0
2022-03-10,Germany,12,,1
2023-06-26,Denmark,12,,0
2022-02-08,United Kingdom,7,,1
2023-09-08,France,5,,1
2023-10-25,United Kingdom,5,,1
2022-04-16,France,12,,0
2022-06-06,Finland,4,,1
2022-02-09,Austria,9,,0
2023-08-18,United Kingdom,1,,1
2023-03-22,United Kingdom,12,,1
2022-02-12,France,12,,0
2023-08-24,Germany,8,,1
2022-09-01,Italy,4,,0
2023-09-18,Spain,12,,0
2022-09-27,Netherlands,12,,1
2023-07-14,Belgium,12,,0
2023-06-13,Switzerland,12,,0
2021-12-18,Sweden,4,,1
2023-02-12,Norway,12,,1
2022-12-09,Denmark,9,,0
2022-05-13,Finland,1,,0
2021-10-26,Austria,9,,1
2022-02-28,United Kingdom,12,,1
2023-06-13,France,12,,1
2022-08-11,Germany,11,,1
2021-11-26,Italy,12,,1
2022-07-18,Spain,12,,0
2023-05-05,Netherlands,12,,1
2023-04-12,Belgium,7,,1
2021-09-07,Switzerland,12,,1
2022-01-15,Sweden,11,,1
2022-05-13,Norway,12,,1
2023-02-07,Denmark,9,,0
2022-05-03,Finland,4,,1
2022-09-04,Austria,12,,1
2022-09-05,United Kingdom,7,,1
2021-10-14,France,12,,1
2022-01-18,Germany,12,,1
2023-03-07,Denmark,1,,1
2023-09-29,Finland,7,,1
2023-03-19,Austria,12,,1
2023-01-07,United Kingdom,12,,0
2023-05-13,France,10,,0
2022-05-11,Germany,4,,1
2023-03-21,Denmark,1,,0
2022-11-13,Finland,1,,1
2021-09-26,Austria,12,,1
2022-08-12,United Kingdom,4,,1
2021-12-10,France,12,,1
2023-05-24,Germany,12,,0
2022-08-25,France,9,,1
2021-10-11,Germany,1,,1
2023-01-14,Denmark,12,,1
2022-01-17,France,1,,1
2022-03-17,Germany,12,,1
2022-10-23,Denmark,8,,1
2023-02-17,United Kingdom,9,,1
2023-02-03,France,12,,1
2022-10-30,United Kingdom,12,,0
2022-03-05,France,12,,1
2023-10-06,Finland,7,,1
2023-04-10,Austria,12,,1
2023-02-11,United Kingdom,1,,1
2023-07-26,United Kingdom,12,,1
2022-06-08,France,11,,1
2022-09-08,Germany,5,,1
2023-03-08,Italy,12,,1
2022-09-04,Spain,12,,0
2022-03-02,Netherlands,1,,1
2022-11-20,Belgium,1,,0
2022-08-15,Switzerland,12,,1
2022-08-22,Sweden,9,,0
2023-02-05,Norway,12,,1
2023-09-16,Denmark,12,,1
2023-04-12,Finland,12,,1
2022-07-05,Austria,9,,1
2022-08-24,United Kingdom,7,,1
2023-02-20,France,10,,1
2023-02-25,Germany,4,,0
2023-06-16,Italy,12,,0
2022-01-21,Spain,1,,1
2022-12-02,Netherlands,3,,1
2022-12-15,Belgium,7,,1
2022-11-04,Switzerland,9,,0
2022-11-13,Sweden,1,,1
2022-02-26,Norway,1,,0
2022-09-02,Denmark,9,,0
2023-05-30,Finland,12,,1
2023-08-13,Austria,1,,0
2023-09-29,United Kingdom,12,,1
2022-02-09,France,7,,0
2022-09-08,Germany,1,,1
2022-08-12,Denmark,4,,1
2022-10-21,Finland,8,,1
2022-06-14,Austria,8,,0
2022-05-02,United Kingdom,12,,1
2022-04-23,France,4,,1
2022-06-02,Germany,12,,1
2021-12-04,Denmark,1,,0
2022-01-04,Finland,7,,1
2022-09-22,Austria,12,,0
2022-11-22,United Kingdom,9,,1
2022-04-21,France,12,,1
2023-10-06,Germany,12,,1
2022-03-02,France,5,,1
2022-10-16,Germany,9,,1
2022-12-04,Denmark,6,,0
2022-10-12,France,7,,0
2022-10-31,Germany,4,,1
2022-12-10,Denmark,1,,1
2022-09-22,United Kingdom,12,,1
2023-06-12,France,12,,1
2022-05-14,United Kingdom,1,,1
2023-09-23,France,7,,1
2022-04-28,Finland,12,,0
2021-10-24,Austria,12,,1
2022-08-24,United Kingdom,12,,1
2021-09-17,Finland,11,,1
2021-09-18,Austria,11,,1
2022-10-31,United Kingdom,12,,1
2022-08-08,Finland,12,,1
2023-04-09,Austria,1,,1
2022-09-24,United Kingdom,11,,1
2022-07-18,Finland,1,,1
2022-02-07,Austria,12,,1
2022-01-02,United Kingdom,12,,1
2023-02-17,Finland,4,,0
2022-11-14,Austria,1,,1
2022-02-02,United Kingdom,9,,1
2022-10-07,Finland,9,,0
2023-09-30,Austria,12,,1
2022-08-30,United Kingdom,4,,0
2022-02-27,Finland,12,,0
2021-09-29,Austria,7,,1
2022-12-01,United Kingdom,12,,1
2022-03-06,Finland,4,,1
2022-07-19,Austria,1,,1
2022-02-01,United Kingdom,12,,1
2022-12-10,Finland,12,,1
2023-08-06,Austria,7,,1
2022-03-20,United Kingdom,12,,0
2022-05-31,Finland,11,,1
2023-08-11,Austria,12,,1
2021-10-14,United Kingdom,2,,0
2023-02-08,Finland,1,,0
2021-11-15,Austria,12,,1
2022-08-03,United Kingdom,12,,1
2023-02-15,Finland,4,,1
2023-07-31,Austria,12,,1
2023-06-27,United Kingdom,3,,1
2022-06-05,Finland,11,,1
2023-07-15,Austria,12,,1
2023-11-02,United Kingdom,11,,0
2023-05-28,Finland,1,,0
2021-11-09,Austria,7,,1
2022-01-08,United Kingdom,12,,0
2023-10-28,Finland,7,,1
2023-10-31,Austria,5,,0
2023-09-11,United Kingdom,3,,1
2021-12-02,Finland,12,,1
2023-05-13,Austria,12,,0
2022-05-14,United Kingdom,12,,0
2022-04-30,Finland,12,,1
2022-12-11,Austria,5,,1
2021-09-29,United Kingdom,1,,0
2023-08-24,Finland,12,,0
2022-11-01,Austria,12,,0
2022-11-16,United Kingdom,1,,1
2021-09-16,Finland,12,,1
2021-09-14,Austria,12,,1
2023-08-16,United Kingdom,4,,0
2022-05-15,Finland,1,,1
2022-08-31,Austria,12,,1
2023-04-22,United Kingdom,4,,1
2023-04-21,Finland,4,,1
2023-01-21,Austria,12,,1
2023-02-06,United Kingdom,1,,1
2022-11-28,Finland,1,,1
2023-09-25,Austria,4,,1
2022-04-10,United Kingdom,7,,0
2023-10-13,Finland,4,,0
2021-10-12,Austria,12,,0
2023-03-20,United Kingdom,9,,0
2022-11-03,Finland,1,,1
2023-01-03,Austria,1,,1
2023-08-14,United Kingdom,12,,1
2021-09-03,Finland,5,,1
2022-07-07,Austria,5,,0
2022-10-11,United Kingdom,1,,0
2022-03-19,Finland,4,,1
2021-12-20,Austria,9,,1
2023-08-28,United Kingdom,12,,0
2022-09-25,Finland,12,,1
2023-08-27,Austria,3,,1
2022-04-27,United Kingdom,12,,1
2022-10-19,Finland,12,,1
2021-11-11,Austria,4,,1
2023-01-26,United Kingdom,12,,0
2022-11-17,Finland,9,,0
2023-02-28,Austria,12,,0
2021-10-04,United Kingdom,7,,0
2022-01-12,Finland,12,,0
2022-10-12,Austria,12,,0
2023-09-10,United Kingdom,1,,0
2021-10-03,Finland,12,,1
